"1&!001","1&1 Internet Limited","Aquasulis House","10-14 Bath Road","Slough","","Sl1 3SA","","","","","","",0,"752539027",0.00,0.00,1406.74,0.00,"",0,0.00,"5000","T1"
"1&1001","1&1 Internet Limited","Aquassulis House","10-14 Bath Road","Slough","","Sl1 3SA","","","","","","",0,"",0.00,0.00,299.98,0.00,"",0,0.00,"5000","T1"
"999001","999 inks.co.uk","","","","","","","","","","","",0,"",0.00,0.00,33.86,0.00,"",0,0.00,"5000","T1"
"AAI001","Automation Artisans Inc","","","","","","","","","","","",0,"",0.00,0.00,0.00,0.00,"",0,0.00,"5000","T1"
"AAS001","A.Adkins & Sons Ltd","High Cross","Lancaster Road","Hinckley","Leucestershire","Lw10 OAW","","","","","","",0,"485 7453 04",0.00,0.00,0.00,0.00,"",0,0.00,"5000","T1"
"ABB001","Abby Europe","Anglerstrasse 6","","80339 Muchen","Germany","","","","","","","",0,"DE209485840",0.00,0.00,54.62,0.00,"",0,0.00,"5000","T1"
"ABC001","ABC Technology Distribution Ltd","ABC House","Bergen Way","Sutton Fields","Hull, West Yorkshire","HU7 OYQ","","","","","","",0,"708 7004 47",0.00,0.00,0.00,0.00,"",0,0.00,"5000","T1"
"ACS001","ATOZED Computer Software Ltd","12 Promitheos Street","Office 302","1643 Nicosia","Cyprus","","","","","","","",0,"",0.00,0.00,0.00,0.00,"",0,0.00,"5000","T1"
"ACT001","Action.com","Aplerton House","Bridgewater Road","Wembley","Middlesex","HAO 1EH","","","","","","",0,"GB 572 3980 18",0.00,0.00,0.00,0.00,"",0,0.00,"5000","T1"
"ADC001","Advance Circuits","21101 East 32nd Parkway","","","Aurora","","","","","","","",0,"",0.00,0.00,0.00,0.00,"",0,0.00,"5000","T1"
"AHE001","AHEAD Software","","","","","","","","","","","",0,"",0.00,0.00,0.00,0.00,"",0,0.00,"5000","T1"
"AIR001","Air Miles","","","","","","","","","","","",0,"",0.00,0.00,0.00,0.00,"",0,0.00,"5000","T1"
"ALL001","Allendale Electronics Ltd","Machine DRO Dept.","43 Hoddesdon Ind. Centre","Pindar Road","Hoddesdon","EN11 0FF","","","","","","",0,"830 8032 56",0.00,0.00,0.00,0.00,"",0,0.00,"5000","T1"
"AMA001","Amazon.Co.Uk","C/O Marston Gate","Ridgmont","","Bedfordshire","MK43 OXP","","0800 279 6620","0181 636 940`","","","",0,"GB 727 2558 21",0.00,0.00,515.24,0.00,"",0,0.00,"5000","T1"
"AND001","Andelk's Hotel","","","","Prague","","","","","","","",0,"",0.00,0.00,0.00,0.00,"",0,0.00,"5000","T1"
"APA001","Adecs Profita","1 & 2 Merica Business Villiage","Torwood Close","Westwood Business Park","Coventry","CV4 BHX","","","","","","",0,"585 0951 15",0.00,0.00,0.00,0.00,"",0,0.00,"5000","T1"
"APS001","The Access Psrtnership","National House","80-82 Wellington Road North","Stockport","Cheshire","Sk4 1HG","","","","","","",0,"673 4401 41",0.00,0.00,0.00,0.00,"",0,0.00,"5000","T1"
"ARC001","ARC Euro Trade","P.O. Box 6548","","Systom","","LE7 2ZT","","","","","","",0,"442 0102 17",0.00,0.00,835.10,0.00,"",0,0.00,"5000","T1"
"ARI001","Ariapc Technology Ltd","","","","","","","","","","","",0,"693 3849 85",0.00,0.00,77.94,0.00,"",0,0.00,"5000","T1"
"ARL001","Amateur Radio Licence","The Radio Licensing Centre SSL","PO Box 885","Bristol","","BS99 5LG","","","","","","",0,"",0.00,0.00,0.00,0.00,"",0,0.00,"5000","T1"
"ART001","ARTSOFT","","","","","","","","","","","",0,"",0.00,0.00,0.00,0.00,"",0,0.00,"5000","T1"
"ASC001","Auto Salvage Coventry","8-10 Alfall Road","","Coventry","","CV2 3GB","","","","","","",0,"91303673",0.00,0.00,0.00,0.00,"",0,0.00,"5000","T1"
"ATG001","Autoglass","","","","","","","","","","","",0,"",0.00,0.00,0.00,0.00,"",0,0.00,"5000","T1"
"ATM001","ATMUIS CO. INC.","65 Main Street","Springfield","Mas. 01105","USA","","","","","","","",0,"",0.00,0.00,0.00,0.00,"",0,0.00,"5000","T1"
"ATS001","ATS Southern Ltd","Unit 2, Crown Business Park","Crown Way","Horton Road","West Drayton,Mdx.","EB7 8HZ","Mr. D. Dell","01895 445237","","","","",0,"25390892",0.00,0.00,0.00,0.00,"",0,0.00,"5000","T1"
"AV4001","AV4hOME.CO.UK","Units 41-42","Old Mill Lane Ind Est","Mansfield Woodhouse","Notts","NG19 9BG","","","","","","",0,"",0.00,0.00,0.00,0.00,"",0,0.00,"5000","T1"
"AVA001","Autovale Autobodies","Unit 19","Briar Close Business Pk","Briar Close","Evesham","Wocestershire WR11 4JT","","01386 443939","01386 49922","","","",0,"488 0676 01",0.00,0.00,0.00,0.00,"",0,0.00,"5000","T1"
"AVC001","Avcom SYStems Ltd","Stanlake Mews","","Shephers Bush","London","W12 7HS","","02087400051","02087491319","","","",0,"",0.00,0.00,0.00,0.00,"",0,0.00,"5000","T1"
"AVM001","AVONSIDE MOTORS","ABBEY ROAD","","EVESHAM","WORCESTERSHIRE","WE11 6SU","","","","","","",0,"",0.00,0.00,0.00,0.00,"",0,0.00,"5000","T1"
"AVS001","A-VISION LTD","6 DE SALLIS DRIVE","HAMTPON LOVETT TRADING ESTATE","DROITWICH","WORCESTERSHIRE","WR9 OQE","01242-262072","","","","","",0,"",0.00,0.00,0.00,0.00,"",0,0.00,"5000","T1"
"AXM001","Axminster Power Tool Centre","Chard Street","","Axminster","Devon","EX13  5DZ","","0800 371 822","01297 35242","","","",0,"187 1132 66",0.00,0.00,0.00,0.00,"",0,0.00,"5000","T1"
"B&H001","B&H Distribution Ltd","Unit 3A","Akeman Busines Park","Akeman Street","Tring, Herts","HP23 6AF","","","","","","",0,"505 4990 41",0.00,0.00,0.00,0.00,"",0,0.00,"5000","T1"
"BBX001","BRAIN BOXES","UNIT 3F","WAVERTREE BOULEVARD SOUTH","WAVERTREE TECHNOLOGY PARK","LIVERPOOL","L7 9PF","","","","","","",0,"",0.00,0.00,0.00,0.00,"",0,0.00,"5000","T1"
"BCB001","BCB-Tools.com Pty Ltd","","","","","","","","","","","",0,"",0.00,0.00,0.00,0.00,"",0,0.00,"5000","T1"
"BCH001","BCH COMMUNICATIONS LTD","COMMUNICATIONS HOUSE","CARLYON ROAD INDUSTRIAL ESTATE","ATHERSTONE","WARWICKSHIRE","CV9 1JB","","","","","","",0,"",0.00,0.00,0.00,0.00,"",0,0.00,"5000","T1"
"BDC001","Barry's Disco Centre","BDC House","40 London Road","Gloucetser","","GL1 3NU","","01452 311200","01452 311201","","","",0,"326 2299 57",0.00,0.00,0.00,0.00,"",0,0.00,"5000","T1"
"BDS001","BROADWAY DESIGN SERVICES","23 SMALLBROOK ROAD","","BROADWAY","WORCESTERSHIRE","WR12 7EP.","MR. PAUL BARNES","01386 853175","","","","",0,"",0.00,0.00,0.00,0.00,"",0,0.00,"5000","T1"
"BEB001","Bell Boilers","","","","","","","","","","","",0,"",0.00,0.00,0.00,0.00,"",0,0.00,"5000","T1"
"BEC001","Beck IPC GmbH","","","","","","","","","","","",0,"",0.00,0.00,0.00,0.00,"",0,0.00,"5000","T1"
"BFD001","Brooklyn Ford","Four Pools Lane","","Evesham","Worcestershire","WR11 6DN","","01386 442525","","","","",0,"661 1779 26",0.00,0.00,0.00,0.00,"",0,0.00,"5000","T1"
"BGE001","Blackgate Engineering","207/209 Wakefield Road","Drighlington","Bradford","West Yorkshire","BD11 1EB","","0113 285 3652","0113 285 3477","","","",0,"172 0867 61",0.00,0.00,0.00,0.00,"",0,0.00,"5000","T1"
"BME001","Bristol Model Engineering and Hobbies","19 Worcester Gardens","Nailsea","North Somerset","","BS38 4RJ","","","","","","",0,"",0.00,0.00,0.00,0.00,"",0,0.00,"5000","T1"
"BMI001","BMI Baby","","","","","","","","","","","",0,"",0.00,0.00,0.00,0.00,"",0,0.00,"5000","T1"
"BOR001","BORLAND INTERNATIONAL (UK) lTD","8 PAVILLIONSRUSCOMBE PARK","","TWYFORD","BERKSHIRE","RG10 9NN","","01734 321150","01734 320014","","","",0,"",0.00,0.00,0.00,0.00,"",0,0.00,"5000","T1"
"BRG001","British Gas","","","","","","","","","","","",0,"",0.00,0.00,0.00,0.00,"",0,0.00,"5000","T1"
"BRG002","British Gas Business","","","","","","","","","","","",0,"",0.00,0.00,0.00,0.00,"",0,0.00,"5000","T1"
"BRM001","Bredon Motor Co. Ltd.","1 Cheltenham Road","","Evesham","Worcestershire","Wr11 1La","","","","","","",0,"454 7185 30",0.00,0.00,0.00,0.00,"",0,0.00,"5000","T1"
"BTC001","British Telecommunication","","","","","","","","","","","",0,"",76.89,76.89,826.38,0.00,"",0,0.00,"5000","T1"
"BTI001","British Telecom Internet","","","","","","","","","","","",0,"",0.00,0.00,130.44,0.00,"",0,0.00,"5000","T1"
"BUD001","Budget Skips.","","","","","","","","","","","",0,"",0.00,0.00,0.00,0.00,"",0,0.00,"5000","T1"
"BWE001","Blackwell's Extra","50 Broad street","","Oxford","","OX1 3BQ","","01865 792792","01865 261355","","","",0,"532 5855 39",0.00,0.00,0.00,0.00,"",0,0.00,"5000","T1"
"BYT001","BYTE Computer Superstore Ltd","2-24 Farnham Road","","Slough","Berks","SL1 3TA","","01753 511644","","","","",0,"313 6516 80",0.00,0.00,0.00,0.00,"",0,0.00,"5000","T1"
"C&W001","Cable & Wireless","P.O. Box 815","Milton Keynes","","","MK3 5JP","","","","","","",0,"",0.00,0.00,0.00,0.00,"",0,0.00,"5000","T1"
"CAM001","Cotswold Automotive","Unit 32","Weston Instustrial Estate","Honeybourne,Evesham","Worcestershire","WR11 7QB","","","","","","",0,"",0.00,0.00,139.62,0.00,"",0,0.00,"5000","T1"
"CAR001","Carken","","","E. Syracuse","NY 13057","","","","","","","",0,"",0.00,0.00,0.00,0.00,"",0,0.00,"5000","T1"
"CBS001","COTSWOLD BUILDING SUPPLIES","","","","","","","","","","","",0,"",0.00,0.00,0.00,0.00,"",0,0.00,"5000","T1"
"CEF001","City Electrical Factors","Unit 6 Evesham Trading Centre","Davies Road Fourpools Ind Estate","Evesham","Worcestershire","WR11 1XG","","","","","","",0,"585 1880 07",0.00,0.00,37.70,0.00,"",0,0.00,"5000","T1"
"CHE001","Chester U.K. Ltd","Clwyd Close","Hawarden Park","Hawarden","Chester","CH5 3PZ","","01244 531631","01244 531331","","","",0,"560 1468 57",0.00,0.00,0.00,0.00,"",0,0.00,"5000","T1"
"CHP001","CHOICE PERIPHERALS","","","","","","","","","","","",0,"",0.00,0.00,0.00,0.00,"",0,0.00,"5000","T1"
"CIR001","CIIRKIT DISTRIBUTION LTD","Park Lane","Broxhourne","","Hetfordshire","EN10 7NQ","","01992 444111","01922 464457","","","",0,"388 8336 90",0.00,0.00,0.00,0.00,"",0,0.00,"5000","T1"
"CLA001","Class","837 Garratt Lane","","London","","SW17 OPG","","0181 944 1400","0181 994 0141","","","",0,"468 9078 87",0.00,0.00,0.00,0.00,"",0,0.00,"5000","T1"
"CLN001","Clara.net Ltd","50 Banner Street","","","London","EC1Y 8TX","","","","","","",0,"777 8533 69",0.00,0.00,0.00,0.00,"",0,0.00,"5000","T1"
"CMB001","Cornwall Model Boats","Gull Rock","Treknow","Tintagel","Cornwall","PL34 OEP","","","","","","",0,"901 1290 76",0.00,0.00,0.00,0.00,"",0,0.00,"5000","T1"
"CMS001","Camden Miniature Steam Services","Barrow Garm","","Rode","Somerset","BA11 6PS","","","","","","",0,"349 4523 36",0.00,0.00,0.00,0.00,"",0,0.00,"5000","T1"
"CNC001","CNC4PC","","","","","","","","","","","",0,"",0.00,0.00,0.00,0.00,"",0,0.00,"5000","T1"
"CNC002","CNC-Plus","Borsigstr, 1-3","23560 Lubech","","Germany","","","","","","","",0,"DE226193664",0.00,0.00,0.00,0.00,"",0,0.00,"5000","T1"
"CNL001","Carrol & Neynell Ltd","Quiseley Way","Durham Lane Industrial Park","Eaglescliff","stockton-on-Tees","TS16 ORF","","","","","","",0,"",0.00,0.00,0.00,0.00,"",0,0.00,"5000","T1"
"COM001","COMPUSERVE INC","","","","","","","","","","","",0,"",0.00,0.00,0.00,0.00,"",0,0.00,"5000","T1"
"CON001","CONNEXIONS (UK) PLC","UNIT 3 TRAVELLERS LANE","OFF TRAVELLERS LANE","WELHAM GREEN","HERTFORDSHSIRE","AL9 7LE","","","","","","",0,"",0.00,0.00,0.00,0.00,"",0,0.00,"5000","T1"
"COUNTRYW","Country Wide","","","","","","","","","","","",0,"",0.00,0.00,0.00,0.00,"",0,0.00,"5000","T1"
"CPC001","COMBINED PRECISION COMPONENTS","FARADAY DRIVE","","FULWOOD","PRESTON","PR2 4PP","A/C CAI5458","01772-654455","01772-654466","","","",0,"",320.69,320.69,4918.49,0.00,"",0,0.00,"5000","T1"
"CPS001","Computer Programing Solutions","619 North Macdonald Street","","Mesa","","AZ 85201","","","","","","",0,"",0.00,0.00,0.00,0.00,"",0,0.00,"5000","T1"
"CRA001","Cranleigh","159 Newbridge Hill","","Bath","","BA1 3PX","","01225 310197","01225 423143","","","",0,"667180319",0.00,0.00,0.00,0.00,"",0,0.00,"5000","T1"
"CRE001","Cricklewood Electronics","40-42 Cricklewood","","Broadway","London","NW2 3ET","","","","","","",0,"346 652932",0.00,0.00,0.00,0.00,"",0,0.00,"5000","T1"
"CRU001","Crucial Technology","12 Redwood Crescent","Peel Park Campus","East Kilbride","","G74 5PA","","","","","","",0,"544 3978 14",0.00,0.00,184.95,0.00,"",0,0.00,"5000","T1"
"CTK001","Centretek Limited","Unit 81 Basepoint Business centre","Aviation Park West, Enterprise Way","Christchurch","Dorset","BH23 6NX.","","","","","","",0,"754826405",0.00,0.00,330.40,0.00,"",0,0.00,"5000","T1"
"CTS001","CNC Tooling Systems Ltd","5 Back Norfolk Street","","Sunderland","","SR1 !EA","","","","","","",0,"",0.00,0.00,0.00,0.00,"",0,0.00,"5000","T1"
"CUL001","Circuit UK Ltd","Unit 6 Golborne enterprise Park","Kidglove Road","Golborne, Warrington","Cheshire","WA3 3DR","","","","","","",0,"871 4067 23",0.00,0.00,0.00,0.00,"",0,0.00,"5000","T1"
"CVS001","CVS Prodiction Supplies","","","","","","","","","","","",0,"7166709723",0.00,0.00,0.00,0.00,"",0,0.00,"5000","T1"
"CWC001","Carphone Warehouse","","","","","","","","","","","",0,"744 032068",0.00,0.00,0.00,0.00,"",0,0.00,"5000","T1"
"CWR001","Cpoywrite-RMS Ltd","291 Featherstall Road North","","Oldham","Lancs","OL1 2NH","","","","","","",0,"748 4360 12",0.00,0.00,0.00,0.00,"",0,0.00,"5000","T1"
"DAB001","Dabs.com plc","Head Office, Direct House","Wingates Industrial Park","Westhoughton","Bolton","BL5 3XD","","","","","","",0,"GB 451 4585 47",0.00,0.00,249.65,0.00,"",0,0.00,"5000","T1"
"DAM001","Damen cnc","","","","","","","","","","","",0,"",0.00,0.00,3706.94,0.00,"",0,0.00,"5000","T0"
"DAS001","Dewbury Auto Salvage Ltd","Station Yard","Off Bradford Road","Dewsbury","West Yorkshire","Wf13 2HB","","","","","","",0,"722046274",0.00,0.00,0.00,0.00,"",0,0.00,"5000","T1"
"DCE001","Dentons Equipment","2,4 Clapham High Street","","London","","SW4 7UT","","","","","","",0,"235 6685 39",0.00,0.00,0.00,0.00,"",0,0.00,"5000","T1"
"DCNC01","Damen CNC","","","","","","","","","","","",0,"",0.00,0.00,0.00,0.00,"",0,0.00,"5000","T1"
"DCS001","D.C. Services","Ashcombe Cottage","Wayford","Crewkerne","Somerset","TA18 8QJ","","01460 30553","","","","",0,"515 813162",0.00,0.00,0.00,0.00,"",0,0.00,"5000","T1"
"DED001","DED Limited","","","","","","","","","","","",0,"377 9473 88",0.00,0.00,441.12,0.00,"",0,0.00,"5000","T1"
"DEL001","Dell Computers","Dell Products","Dell House","The Boulevard, Cain Road","Bracknell, Reading","RG12 1LF","","","","","","",0,"804 9468 11",0.00,0.00,0.00,0.00,"",0,0.00,"5000","T1"
"DEN001","Denyo Europa GmbH","Lichtblicke zwischen","Mensch und","Technik","","","","","","","","",0,"",0.00,0.00,0.00,0.00,"",0,0.00,"5000","T1"
"DFC001","Deerfield Communications Inc.","P.O. Box 851","Gaylord, MI 49734","","http://www.deerfield.com/","","","(517) 732-8856","","","","",0,"",0.00,0.00,0.00,0.00,"",0,0.00,"5000","T1"
"DHA001","DHA Lighting Ltd","284-302 Waterloo Road","London","","","SE1 8RQ","","0171 771 2900","0171 771 2901","","","",0,"494 4342 27",0.00,0.00,0.00,0.00,"",0,0.00,"5000","T1"
"DHL001","DHL Express","","","","","","","","","","","",0,"",0.00,0.00,0.00,0.00,"",0,0.00,"5000","T1"
"DIE001","Display Electronics","","","","","","","","","","","",0,"",0.00,0.00,0.00,0.00,"",0,0.00,"5000","T1"
"DIG001","Digi-Key","","","","","","","","","","","",0,"",0.00,0.00,0.00,0.00,"",0,0.00,"5000","T1"
"DIP001","Dip Systems Limited","The Technology Center","Unit 7","Deaconfield","Guildford Indu Estate","Surrey. GU2 5YT","","01483 402111","01483 402112","","","",0,"GB 591 7653 05",0.00,0.00,0.00,0.00,"",0,0.00,"5000","T1"
"DRO001","DRO380","","","","","","","","","","","",0,"",0.00,0.00,0.00,0.00,"",0,0.00,"5000","T1"
"DSL001","Digital Sunrise Ltd","27 Manor Road","","St Albans","","AL2 1PN","","","","","","",0,"",0.00,0.00,270.98,0.00,"",0,0.00,"5001","T1"
"DUN001","Duncan USA","","","","","","","","","","","",0,"",0.00,0.00,0.00,0.00,"",0,0.00,"5000","T1"
"DVL001","Division Master Limited","11a Poplar Grove","Sale","Cheshire","","M33 3AX","","","","","","",0,"787590272",0.00,0.00,0.00,0.00,"",0,0.00,"5000","T1"
"E2B001","E2B Internet","","","","","","","","","","","",0,"",0.00,0.00,0.00,0.00,"",0,0.00,"5000","T1"
"EAC001","Easy Computers Ltd","","","","","","","","","","","",0,"",0.00,0.00,0.00,0.00,"",0,0.00,"5000","T1"
"EBAY01","EBAY","","","","","","","","","","","",0,"",0.00,0.00,0.00,0.00,"",0,0.00,"5000","T1"
"EDC001","EDC )Scotland) Ltd","","","","","","","","","","","",0,"671 6976 89",0.00,0.00,0.00,0.00,"",0,0.00,"5000","T1"
"EEL001","Evesham Electronis Ltd","Unit 8 Bond Industrial Estate","Wickhamford","Nr. Evesham","Worcestershire","WR11 7RJ","","","","","","",0,"",0.00,0.00,0.00,0.00,"",0,0.00,"5000","T1"
"EGS001","EGears","56 Gloucester Road","Suite 127","Kensington","London","Sw7 4UB","","","","","","",0,"751 8123 41",0.00,0.00,0.00,0.00,"",0,0.00,"5000","T1"
"EIS001","Event Insurance Serives Ltd","","","","","","","","","","","",0,"",0.00,0.00,0.00,0.00,"",0,0.00,"5000","T1"
"ELE001","Electrto Vision Limited","2 Anglezarke Road","Sankey Valley Ind Estate","Earlestown","Newton-le-Willows","Merseyside. WA12 8DJ","","01925 220855","01925 220856","","","",0,"344 0279 71",0.00,0.00,0.00,0.00,"",0,0.00,"5000","T1"
"ELE001","Element","","","","Germany","","","","","","","",0,"DE194149069",0.00,0.00,0.00,0.00,"",0,0.00,"5000","T1"
"ELS001","Elsadale Paving","","","","","","","","","","","",0,"655479495",0.00,0.00,0.00,0.00,"",0,0.00,"5000","T1"
"EMS001","EVESHAM Technology","UNIT 9","ST RICHARSDS ROAD","EVESHAM","WORCESTERSHIRE","WR11 6TD","","01386 765500","01386 765354","","","",0,"377381426",0.00,0.00,0.00,0.00,"",0,0.00,"5000","T1"
"END001","END Design Ltd","Unit 37","Bookham Industrial Park","Church Road","Bookham, Leatherhead","KT23 3EU","","01372 458080","01372 450592","","","",0,"GB 384 3922 29",0.00,0.00,0.00,0.00,"",0,0.00,"5000","T1"
"ESD001","Evesham Self Drive Ltd","Herbery Lodge","Blackminster Buisness Park","Evesham","","WR11 7RE","","","","","","",0,"860668206",170.21,170.21,208.70,0.00,"",0,0.00,"5000","T1"
"EVA001","Evatron Plastic","","","","","","","","","","","",0,"",0.00,0.00,0.00,0.00,"",0,0.00,"5000","T1"
"EXP001","Expeditors","Canton Lane","Hams Hall Dist Pk","Birmingham","","B46 1GA","","","","","","",0,"417 1413 83",0.00,0.00,0.00,0.00,"",0,0.00,"5000","T1"
"FAF001","Fastfuel","In Fuel Limited","Card Centre","PO Box 262","Crew, Cheshire","CW2 6GF","","","","","","",0,"799406570",132.64,132.64,2128.45,0.00,"",0,0.00,"5000","T1"
"FBF001","Firebird Foundation (Inc)","","","","","","","","","","","",0,"",0.00,0.00,0.00,0.00,"",0,0.00,"5000","T1"
"FEA001","Feabhas Limited","5 Lowesen Works","Lambourn Woodlands","Hungerford","","RG17 7RY","","","","","","",0,"641 8862 18",0.00,0.00,0.00,0.00,"",0,0.00,"5000","T1"
"FEC001","FARNELL ELECTRONIC COMP; LTD","CANAL ROAD","","LEEDS","WEST YORKSHIRE","LS12 2TU","A/C 777-017","","","","","",0,"",0.00,0.00,2448.10,0.00,"",0,0.00,"5000","T1"
"FED001","Forest Electronic Developm ent","12 Buldowne Walk","","Lyminghton","Hampshire","SP41 6DU","","","","","","",0,"799 9035 54",0.00,0.00,0.00,0.00,"",0,0.00,"5000","T1"
"FER001","FERN COMPONETS","49 NORMANDY STREET","","ALTON","HANTS","GU34 1DQ","","01420 544435","01420 544415","","","",0,"",0.00,0.00,0.00,0.00,"",0,0.00,"5000","T1"
"G&M001","G&M Tools","Mill Lane","","Ashington","West Sussex.","","","","","","","",0,"5086877 29",0.00,0.00,0.00,0.00,"",0,0.00,"5000","T1"
"GCS001","Global Communication Solutions Ltd","Office 12","Lyttleton House","64 Broomfield Road","Chelmsford, Essex","CM1 1SW","","","","","","",0,"",0.00,0.00,0.00,0.00,"",0,0.00,"5000","T1"
"GLI001","Global Internet Ltd","113-123 Upper Richmond Road","","London","","SW15 2TL","","0181 957 1005","0181 957 1100","","","",0,"662 4840 28",0.00,0.00,0.00,0.00,"",0,0.00,"5000","T1"
"GPA001","GPA Technologies","27 St. Michaels Close","","Willington","Derbyshire","DE65 6EB","","","","","","",0,"616 7409 34",0.00,0.00,0.00,0.00,"",0,0.00,"5000","T1"
"GRC001","Garden Railway Centre Ltd","Capel Orchard","London Road","Cheltenham","Glos","GL52 6UZ","","","","","","",0,"752 7113 43",0.00,0.00,0.00,0.00,"",0,0.00,"5000","T1"
"GRZ001","GRZ Software","208 S> Irena Ave #3","","Redondo Beach","","CA 90277","","","","","","",0,"",0.00,0.00,0.00,0.00,"",0,0.00,"5000","T1"
"GTM001","Precision Cast Components (Mouldings) Ltd","SEVERN HOUSE","LLOYD STREET","NEWPORT","GWENT","NP9 OJN","","01633 214565","","","","",0,"",0.00,0.00,0.00,0.00,"",0,0.00,"5000","T1"
"HAY001","PA&RA Haydon","Estate Office","Weston Industrial Estate","Honeybourne","Worcestershire","WR11 7QB","","","","","","",0,"551166458",0.00,0.00,6105.03,0.00,"",0,0.00,"5000","T1"
"HBM001","HB Modules Ltd","Unit 1 Mackemzie Way","Manor Park","Cheltenham","","GL51 9TX","","","","","","",0,"535874121",0.00,0.00,0.00,0.00,"",0,0.00,"5000","T1"
"HER001","HERO ELECTRONICS LTD","DUNSTABLE STREET","","AMPTHILL","BEDFORDSHIRE","MK45 2JS","","","","","","",0,"",0.00,0.00,0.00,0.00,"",0,0.00,"5000","T1"
"HIG001","Hi-Grade Computers Ltd","Hi-Grade House","43 Thames Road","Barking","Essex","1G11 OHQ","","","","","","",0,"440 6557 55",0.00,0.00,0.00,0.00,"",0,0.00,"5000","T1"
"HIS001","HiSpek Direct Sales","No. 8 Acrewood Way","Hatfield Road","St. Albans","Herts","AL4 oJY","","01727 791133","","","","",0,"649 6849 69",0.00,0.00,0.00,0.00,"",0,0.00,"5000","T1"
"HKS001","HK-Software","Holger Klemt","Lange Strate 59","26122 Oldenburg","","","","","","","","",0,"",0.00,0.00,0.00,0.00,"",0,0.00,"5000","T1"
"HMC001","HM Customs & Excise","","","","","","","","","","","",0,"",0.00,0.00,0.00,0.00,"",0,0.00,"5000","T1"
"HOM001","HOMANN","","","","","","","","","","","",0,"",0.00,0.00,0.00,0.00,"",0,0.00,"5000","T1"
"HUC001","Huco Engineering Industries Ltd","Merchant Drive","","","Hertford","Sg13 7BL","","","","","","",0,"751 0959 28",0.00,0.00,126.25,0.00,"",0,0.00,"5000","T1"
"IBP001","IBPhoienix","20 Millers Turn","","Chinor","South Oxon","OX39 4JZ","","","","","","",0,"",0.00,0.00,0.00,0.00,"",0,0.00,"5000","T1"
"ICP001","Industrial Computer Products","Unit 10 Colemeadow Road","North Moons Moat Industrial Estate","Redditch","Worcestrshire","B98 9PB","","","","","","",0,"880 9877 59",0.00,0.00,0.00,0.00,"",0,0.00,"5000","T1"
"IDL001","Identivue Limited","12 Northbrook Business PArk","Northbrook Road","Worthing","","BN14 8PQ","","","","","","",0,"786626381",0.00,0.00,0.00,0.00,"",0,0.00,"5000","T1"
"IDP001","INDUSTRIAL DATA PRODUCTS","SUIT 2","THE STUDIO","OLDBURY BUSINESS CENTRE","CWMBRAN. GWENT.","NP44 3JU","","","","","","",0,"",0.00,0.00,0.00,0.00,"",0,0.00,"5000","T1"
"IEE001","Intritution of Electrical engi","Michael Faraday House","Six Hills Ways","Stevenage","Hertsfordshire","SG1 2AY","","","","","","",0,"",0.00,0.00,0.00,0.00,"",0,0.00,"5000","T1"
"INP001","Interparcel","","","","","","","","","","","",0,"",0.00,0.00,0.00,0.00,"",0,0.00,"5000","T1"
"INS001","Insight Direct (UK) Ltd.","Technology BuildingHighgounds","","worksop.","","S80 3AF","","0114 201 2001","0114 201 2059","","","",0,"600 0726 03",0.00,0.00,0.00,0.00,"",0,0.00,"5000","T1"
"ISL001","I.S.L.","22 Monks Way","Peopleton","Pershore","Worcestershire","WR10 2EH","","01905 841591","01905 841591","","","",0,"",0.00,0.00,0.00,0.00,"",0,0.00,"5000","T1"
"ISS001","Insight Sound & Lighting","Unit 100","Honeybourne Airfield Ind Est.","Evesham","Worcestershire","WR11 5QF","","","","","","",0,"",0.00,0.00,0.00,0.00,"",0,0.00,"5000","T1"
"ITM001","ITM Components Ltd","10 Whittle Road","Ferndown Industrial Estate","Wimborne","Dorset","BH21 7RU","","","","","","",0,"777 5206 02",0.00,0.00,0.00,0.00,"",0,0.00,"5000","T1"
"ITX001","ITX Warehouse","Unit 6","Tyler Green","Worle","Weston-Super-Mare","Somerset","","","","","","",0,"826431731",0.00,0.00,0.00,0.00,"",0,0.00,"5000","T1"
"IWL001","Ian Williams Storage","","","","","","","","","","","",0,"",0.00,0.00,0.00,0.00,"",0,0.00,"5000","T1"
"J&L001","J&L Industrial supply","7 Pacific Ave","Wednesbury","West Midlands","","WS10 7Wp","","","","","","",0,"695 2955 79",0.00,0.00,0.00,0.00,"",0,0.00,"5000","T1"
"JAC001","Jactron Ltd","St.Radigund's House","Hawkinge","Folkstone","Kent","CT18 7AP","","","","","","",0,"516 0460 77",0.00,0.00,0.00,0.00,"",0,0.00,"5000","T1"
"JBR001","Johnson Bros","Honeybourne Airfield Ind. Est.","Weston Road","Honeybourne","Worcestershire","WR11 5QF","Stephen Johnson","01386-832546","01386-831253","","","",0,"",0.00,0.00,0.00,0.00,"",0,0.00,"5000","T1"
"JSL001","Jap Spares Ltd","Mill Lane","Failsworth","","Manchester","M35 0BH","","","","","","",0,"857 9511 80",0.00,0.00,0.00,0.00,"",0,0.00,"5000","T1"
"JUN001","Jungle Online Ltd","The Tree House","Units 20/21","The Court Yard","Gorsey Lane","B46 1JA","","","","","","",0,"GB 738 615314",0.00,0.00,0.00,0.00,"",0,0.00,"5000","T1"
"KBR001","Kevin Brotherton","Unit 23","Honeyborune Airfield Ind Est.","Evesham","Worcestershire","WR11 5QF","","01386 833429","","","","",0,"551 4959 24",0.00,0.00,0.00,0.00,"",0,0.00,"5000","T1"
"KEN001","Kenable","Advance Business Park","Sandwash Close","Rainfoed Industrial Estate","ainford, St. Helen","WA11 8LY","","","","","","",0,"813 576 034",0.00,0.00,0.00,0.00,"",0,0.00,"5000","T1"
"KIN001","Kin Fong","2517 Cobden Dr.","Sterling Heights","","United States","MI 48310","","","","","","",0,"",0.00,0.00,0.00,0.00,"",0,0.00,"5000","T1"
"KNC001","Knight Computers","24 Northenden Road","","Sale","Cheshire","M33 3BR","","","","","","",0,"639 0022 61",0.00,0.00,0.00,0.00,"",0,0.00,"5000","T1"
"LCL001","Lark Computers Ltd","Units 1 & 2","65 James Carter Road","Mildenhall","Suffolk","1P28 7DE","","01638 716423","","","","",0,"GB 676 9162 87",0.00,0.00,0.00,0.00,"",0,0.00,"5000","T1"
"LDL001","Leisuretec Distribution Ltd","","","","","","","","","","","",0,"",0.00,0.00,0.00,0.00,"",0,0.00,"5000","T1"
"LEC001","Lexar Crucial","Centry Court","Millenium Way","Bracknell","Berkshire","RG12 2XJ","","","","","","",0,"",0.00,0.00,202.97,0.00,"",0,0.00,"5000","T1"
"LEM001","LEMO (UK) LIMITED","12 NORTH STREET","","WORTHING","WEST SUSSEX.","BN11 1DU","","","","","","",0,"",0.00,0.00,0.00,0.00,"",0,0.00,"5000","T1"
"LET001","Letaautomate.com","P.O. Box 462","","Iver","Bucks","SL0 0XU","","","","","","",0,"731 5390 47",0.00,0.00,0.00,0.00,"",0,0.00,"5000","T1"
"LEW001","Locwell Electrical Wholesalers","","","","","","","","","","","",0,"",0.00,0.00,0.00,0.00,"",0,0.00,"5000","T1"
"LIL001","Laplace Instrument Ltd","Tudor House","Grammer School Road","North  Walsham","Norfolk","NR28 9JH","","01692 500777","01692 406177","","","",0,"GB 511 6641 73",0.00,0.00,0.00,0.00,"",0,0.00,"5000","T1"
"LLL001","LOMBARD LEASING LTD","","","","","","","","","","","",0,"",0.00,0.00,0.00,0.00,"",0,0.00,"5000","T1"
"LMS001","LittleMachineShop","396 W. Washington Blvd #500","","Pasadena","","CA 91103","","","","","","",0,"",0.00,0.00,626.03,0.00,"",0,0.00,"5000","T1"
"LNS001","LNS Turbo Uk Ltd","Waterssie Park","Valley Way","Wombwell","Barnsley","S73 0BB","","","","","","",0,"706558229",0.00,0.00,0.00,0.00,"",0,0.00,"5000","T1"
"LSE001","L. Stevenson (Engineers)","55-61 Acton Road","Long Eaton","Nottingham","","NG10 1FR","","","","","","",0,"610744762",0.00,0.00,265.00,0.00,"",0,0.00,"5000","T1"
"LTS001","Lancelyn Theatre Supplies","Electric Avenue","Ferry Hinksey Road","Oxford","","OX2 0BY","","01865 722468","01865728791","","","",0,"195 5314 45",0.00,0.00,0.00,0.00,"",0,0.00,"5000","T1"
"LTX001","LinITX.com","Unit 17 Charles Industrial Estate","Stowupland Road","Stowmarket","Suffolk","IP14 5AH","","","","","","",0,"GB 487957467",0.00,0.00,0.00,0.00,"",0,0.00,"5000","T1"
"MAC001","The Macro Group","Burham Lane","","Slough","Bucks","","","","","","","",0,"",0.00,0.00,0.00,0.00,"",0,0.00,"5000","T1"
"MAN001","Mandriva","","","","France","","","","","","","",0,"",0.00,0.00,0.00,0.00,"",0,0.00,"5000","T1"
"MAS001","Murley Auto Stratford","Western Road","","Stratford-Upon-Avon","Warwickshire","CV37 0AH","","","","","","",0,"454 7041 54",0.00,0.00,142.39,0.00,"",0,0.00,"5000","T1"
"MCC001","MIDLAND COMMUNICATIONS CO. LTD","ORCHARD WAY","","UPTON-UPON-SEVERN","WORCESTERSHIRE","WR8 OJH","","","","","","",0,"",0.00,0.00,0.00,0.00,"",0,0.00,"5000","T1"
"MCD001","Microchip Direct","Microship House","505 Eskdale Road","Winnersh Triangle","Wokingham Berkshire","RG41 5TU","","","","","","",0,"505174373",0.00,0.00,0.00,0.00,"",0,0.00,"5000","T1"
"MCP001","Midland Counties Publication","","","","","","","","","","","",0,"207532387",0.00,0.00,0.00,0.00,"",0,0.00,"5000","T1"
"MDL001","Marchant Dice Ltd","Unit 5E","Yoe Vale Centre Ind. Est.","Lapford","Devon","EX17 6YQ","","","","","","",0,"",0.00,0.00,0.00,0.00,"",0,0.00,"5000","T1"
"MED001","Medium UK Ltd","Unit 5&6","Peter Jaes Business Centre","Pump Lane","Hayes","Mddx. UB3 3NT","","","","","","",0,"563 744 325",0.00,0.00,0.00,0.00,"",0,0.00,"5000","T1"
"MEE001","Meridienne Exhibitions","","","","","","","","","","","",0,"",0.00,0.00,0.00,0.00,"",0,0.00,"5000","T1"
"MEE002","Model Enineering Exhibition","","","","","","","","","","","",0,"",0.00,0.00,475.00,0.00,"",0,0.00,"5000","T1"
"MEF001","Metalfast","","","","","","","","","","","",0,"695967844",0.00,0.00,195.60,0.00,"",0,0.00,"5000","T1"
"MEL001","Magenta Electronics Ltd","135 Hunter Street","","Burton On Trent","Staffs","DE14 2ST","","","","","","",0,"295447812",0.00,0.00,0.00,0.00,"",0,0.00,"5000","T1"
"MEW001","Model Engineers Workshop","","","","","","","","","","","",0,"",0.00,0.00,0.00,0.00,"",0,0.00,"5000","T1"
"MFC001","Modelfixing.co.uk","1 Carmel Close","Watnall","Nottingham","","NG16 1JX","","","","","","",0,"917 4155 24",0.00,0.00,4.38,0.00,"",0,0.00,"5000","T1"
"MHS001","Millhiill Supplies Ltd","The Barn","Russel's Road","Halstead","Essex","COG 1SP","","","","","","",0,"GB 213785855",0.00,0.00,0.00,0.00,"",0,0.00,"5000","T1"
"MIC001","Microsoft","","","","","","","","","","","",0,"IE8256796U",0.00,0.00,0.00,0.00,"",0,0.00,"5000","T1"
"MIJ001","Mijenix","","","","","","","","","","","",0,"",0.00,0.00,0.00,0.00,"",0,0.00,"5000","T1"
"MMC001","MERCURY COMMUNICATIONS","","","","","","","","","","","",0,"",0.00,0.00,0.00,0.00,"",0,0.00,"5000","T1"
"MML001","Microverseal Manufacturing Ltd","Penlee House","Market Street","st. Just","Penzance","TR19 7HU","","01736 788339","01736 788353","","","",0,"383 9264 17",0.00,0.00,0.00,0.00,"",0,0.00,"5000","T1"
"MMT001","Machine Mart Ltd","Machine Mart House","211 Lower Parliment Street","Nottingham","","NG1 1GN","","","","","","",0,"306 5741 67",0.00,0.00,0.00,0.00,"",0,0.00,"5000","T1"
"MNB001","Meonbrick","6 Smallbrook Road","","Breoadway","Worcestershire","WR12 7EP","","","","","","",0,"855 9063 93",0.00,0.00,0.00,0.00,"",0,0.00,"5000","T1"
"MOF001","Mobil Fun Limited","Unit 16 Network Park","Duddeston Mill Road","Birmingham","West Midlands","B8 1AU","","","","","","",0,"747 9375 77",0.00,0.00,0.00,0.00,"",0,0.00,"5000","T1"
"MPS001","MAPLIN MPS","P.O. BOX 777","","RAYLEIGH","ESSEX","SS6 8LU","A/C 01702 554187","01702 554000","01702 554001","","","",0,"GB 312600318",56.18,56.18,150.26,0.00,"",0,0.00,"5000","T1"
"MPS002","Microproto systems","","","","","","","","","","","",0,"",0.00,0.00,107.22,0.00,"",0,0.00,"5000","T1"
"MRE001","Model Railway Electronic Group","","","","","","","","","","","",0,"",0.00,0.00,0.00,0.00,"",0,0.00,"5000","T1"
"MSD001","MSDN Information Centre","P.O. Box 5576","Ballsbridge","Dublin 4","Ireland","","353 1 7088690","353 1 708 666","","","","",0,"IE 8256796U",0.00,0.00,0.00,0.00,"",0,0.00,"5000","T1"
"MTL001","Mictrotec 99 Ltd","Unit P1/6 Parklands","Haywood Distribution Park","Pilsworth Road","Heywood, Lancs","OL10 2TT","","","","","","",0,"693 4792 83",0.00,0.00,0.00,0.00,"",0,0.00,"5000","T1"
"MUC001","Mushroom Components","28 College Street","","Kempston","Beds","MK42 8LU","","","","","","",0,"GB576 8308 01",0.00,0.00,0.00,0.00,"",0,0.00,"5000","T1"
"N&P001","N&P CASH & CARRY","","","","","","","","","","","",0,"",0.00,0.00,0.00,0.00,"",0,0.00,"5000","T1"
"NC0001","Nicholas Carter","","","","","","","","","","","",0,"",0.00,0.00,344.10,0.00,"",0,0.00,"5000","T2"
"NCR001","Nationwide Crash Repir Centres Ltd","","","","","","","","","","","",0,"740761440",0.00,0.00,0.00,0.00,"",0,0.00,"5000","T1"
"NCS001","National Childrens Safety Book","National House","80-82 Wellington Road North","Stockport","Cheshire","SK4 1HG","","","","","","",0,"",0.00,0.00,0.00,0.00,"",0,0.00,"5000","T1"
"NCS002","NC-Step","Thorsten Ostermann","Eynattener","Str.4 - 52064","Aachen","","","","","","","",0,"",0.00,0.00,0.00,0.00,"",0,0.00,"5000","T1"
"NDP001","ND Products","68 Cemetery Road","Trecynon","Aberdare","Mid Glam.","CF44 8HG","","","","","","",0,"",0.00,0.00,134.50,0.00,"",0,0.00,"5000","T1"
"NEL001","Newbury Electronics Ltd","Faraday Road","","Nebury","Berkshire","RG14 2AD","","","","","","",0,"199 2940 11",0.00,0.00,0.00,0.00,"",0,0.00,"5000","T1"
"NEX001","Nexus Machines","White Swan House","60 High Street","Godstone","Surrey","RH9 8LW","","","","","","",0,"703 0173 89",0.00,0.00,0.00,0.00,"",0,0.00,"5000","T1"
"NFD001","Newfangled Solurions","","","","","","","","","","","",0,"",0.00,0.00,310.61,0.00,"",0,0.00,"5000","T1"
"NJT001","N&J Tools","15 Shield Drive","","Westcross Centre","Brentford","TW8 9EX","","","","","","",0,"",0.00,0.00,0.00,0.00,"",0,0.00,"5000","T1"
"NMU001","Nick Muller","","","","","","","","","","","",0,"",0.00,0.00,0.00,0.00,"",0,0.00,"5000","T1"
"NOR001","Northern Tool & Equ. (UK) Ltd","Unit 2","Interchange Park","Keel Close","Portsmouth, Hants.","PO3 5QD","","","","","","",0,"744 5633 22",0.00,0.00,0.00,0.00,"",0,0.00,"5000","T1"
"NOV001","NOVATECH","Blueprint 1400","Dundas Spur","Portsmouth","","PO3 5RW","","01705 662299","01705 664244","","","",0,"BG 503 6831 63",0.00,0.00,0.00,0.00,"",0,0.00,"5000","T1"
"O4D001","P4D","North Bar House","43-44 North Bar Street","Banbury","Oxfordshire","OX16 0TH","","","","","","",0,"924 3453 32",0.00,0.00,27.38,0.00,"",0,0.00,"5000","T1"
"OAP001","Out & About Productions","","","","","","","","","","","",0,"",0.00,0.00,0.00,0.00,"",0,0.00,"5000","T1"
"OCC001","Oxford Computer Consultants","Littlegate House","St. Ebbes","Oxford","","OX1 1PS","","01865 793077","01865 793124","","","",0,"532 5165 64",0.00,0.00,0.00,0.00,"",0,0.00,"5000","T1"
"OFF001","OFFTEK Ltd","Breymar House","53 Watford Drive","Solihull","West Midlands","B92 9DW","","","","","","",0,"669 9648 50",0.00,0.00,0.00,0.00,"",0,0.00,"5000","T1"
"OMN001","Omnima Ltd","176 Kennington  Road","","Oxford","Oxfordshire","OX1 5PG","","","","","","",0,"",0.00,0.00,34.56,0.00,"",0,0.00,"5000","T1"
"ONT001","Ontrack","9023 Columbine Road","","Edeb Prairie","MN55347","","","","","","","",0,"",0.00,0.00,0.00,0.00,"",0,0.00,"5000","T1"
"OSK001","OSKAR LAPP","","","","","","","","","","","",0,"",0.00,0.00,0.00,0.00,"",0,0.00,"5000","T1"
"OWL001","OWL VIDEO SYSTEMS","Owl HOUSE","15/16 horsted Square","BELLBROOK INDUST; PK","Uckfield East Sussex","TN22 1QL","","01825 766123","01825 760246","","","",0,"412 3498 69",0.00,0.00,0.00,0.00,"",0,0.00,"5000","T1"
"P4D001","P4D","ParcelShipping ManagerLtd t/a P4D","North Bar House","4-44 North Bar Street","Banbury, Oxfordshire","OX16 0TH","","","","","","",0,"924 3453 32",18.80,18.80,204.68,0.00,"",0,0.00,"5000","T1"
"PAE001","PAE DESIGN SERVICES","12 DAVID ROAD","","COLNBROOK","BUCKS","SL3 ODG","","","","","","",0,"",0.00,0.00,0.00,0.00,"",0,0.00,"5000","T1"
"PAF001","Parcelforce","","","","","","","","","","","",0,"",0.00,0.00,13.50,0.00,"",0,0.00,"5000","T1"
"PAN001","PANACES SOLUTIONS","SPIRELLA HOUSE","BRIDGE ROAD","LECHTWORTH","HERTFORDSHIRE","SG6 4ET","","","","","","",0,"",0.00,0.00,0.00,0.00,"",0,0.00,"5000","T1"
"PAP001","Paypal","","","","","","","","","","","",0,"",0.00,0.00,0.00,0.00,"",0,0.00,"5000","T1"
"PAY001","Paysan","Unit 4","Millenium Place","Tiveton Business Park","Tiverton","EX16 6SB","","","","","","",0,"721 7733 40",0.00,0.00,0.00,0.00,"",0,0.00,"5000","T1"
"PBP001","Piccadilly Broadcast & Proff.","11 Consul Road","Rugby","","","CV21 1PB","","01788 575908","01788 542772","","","",0,"307 4670 63",0.00,0.00,0.00,0.00,"",0,0.00,"5000","T1"
"PBS001","Pete Bott Skip Hire","Lydstep","Cleeve Road","Middle Littleton","Worcestershire","Wr11 8JT","","","","","","",0,"276 7451 25",0.00,0.00,0.00,0.00,"",0,0.00,"5000","T1"
"PCD001","PC Direct","","","","","","","","","","","",0,"",0.00,0.00,0.00,0.00,"",0,0.00,"5000","T1"
"PCW001","PC WORLD","Register Office","Maylands Avenue","Hemel Hempstead","","HP2 7TG","","","","","","",0,"226 6599 33",0.00,0.00,0.00,0.00,"",0,0.00,"5000","T1"
"PET001","Phoenix Engineering & Trading Co. Ltd","Unit 25 Honeybourne Airfield Ind Est.","Weston Road","Honeybourne","Worcestershire","Wr11 7QF","","","","","","",0,"661 5984 05",0.00,0.00,0.00,0.00,"",0,0.00,"5000","T1"
"PFC001","POSTFIELD CABLES","OLD BARN LANE","","KENLEY","SURREY","CR","","","","","","",0,"",0.00,0.00,0.00,0.00,"",0,0.00,"5000","T1"
"PFS001","POSTFIELD SYSTEMS","OLD BARN LANE","","KENLEY","SURREY","CR","","","","","","",0,"",0.00,0.00,0.00,0.00,"",0,0.00,"5000","T1"
"PGD001","PG Drives Technology Ltd","1 Airspeed Road","","Christchurch","","BH23 4HD","","","","","","",0,"504 3632 78",0.00,0.00,0.00,0.00,"",0,0.00,"5000","T1"
"PGH001","Paxford Garage & Hire","Unit 89","Northwick Business Centre","Blockly","Nr. Morton-in-Marsh","Glos. GL56 9RF","","01386 700814","","","","",0,"551 5909 34",0.00,0.00,0.00,0.00,"",0,0.00,"5000","T1"
"PGS001","Pantograph Services","Unit 8 Felnex close","Cross Green Industrial Pk","","Leeds","LS9 OSR","","","","","","",0,"332 3698 55",0.00,0.00,0.00,0.00,"",0,0.00,"5000","T1"
"PHI001","Phi Magnetronics","Bickland Industrial Park","","Falmouth","Cornwall","TR11 4RY","","0326 373134","0326 377249","","","",0,"",0.00,0.00,0.00,0.00,"",0,0.00,"5000","T1"
"PHP001","PHP London","","","","","","","","","","","",0,"",0.00,0.00,0.00,0.00,"",0,0.00,"5000","T1"
"PIC001","PICO Systems Ltd","Send Technology Centre","Tannery House","3 Tannery Lane","Send, Surrey","GU23 7EF","","","","","","",0,"733 6653 24",0.00,0.00,0.00,0.00,"",0,0.00,"5000","T1"
"PIE001","PIEROTH LTD","THE WINE CENTRE","DALLOW ROAD","LUTON","BEDFORSHIRE","LU1 1UR","","","","","","",0,"",0.00,0.00,0.00,0.00,"",0,0.00,"5000","T1"
"PMT001","Peatol Machine Tools","","","","","","","","","","","",0,"",0.00,0.00,0.00,0.00,"",0,0.00,"5000","T1"
"PPS001","PEOPLES PHONES","","","","","","","","","","","",0,"",0.00,0.00,0.00,0.00,"",0,0.00,"5000","T1"
"PSC001","Paul Smith Computer Service","Litle Britian Farm","Red Lane","Meltham","","HD73LJ","","+44 1484 852520","+44 1484 851640","","","",0,"",0.00,0.00,0.00,0.00,"",0,0.00,"5000","T1"
"PSL001","Pacer Systerm Limited","Gauntley Street","","Nottingham","","NG7 5HF","","","","","","",0,"GB 416 2435 74",0.00,0.00,0.00,0.00,"",0,0.00,"5000","T1"
"PTR001","Paul Taylor GPA Ltd","214-216 Lincoln Road","","Pterborough","","PE1 2NE","","","","","","",0,"",0.00,0.00,0.00,0.00,"",0,0.00,"5000","T1"
"PVL001","Peavey Electronics Ltd","Great Folds Road","Oakley Hay","Corby","Northants","NN18 9ET","","","","","","",0,"315 9743 42",0.00,0.00,0.00,0.00,"",0,0.00,"5000","T1"
"QBS001","QBS Software Limited","Unit 7 Wharfsaide","Rosemont Road","Wembly","Middlesex","HA0 4QB","","20-8432-8000","20-8432-8010","","","",0,"GB650 1280 74",0.00,0.00,0.00,0.00,"",0,0.00,"5000","T1"
"QUA001","Quantum CVC (Europe Ltd)","Wall End House","Moor Lane","Coleortonb","Leicestershire","LE67 8FQ","","","","","","",0,"",0.00,0.00,0.00,0.00,"",0,0.00,"5000","T1"
"QUS001","Qusot AS","Fred Oslensgt 1","N-0152","Oslo","Norway","","","","","","","",0,"976934016",0.00,0.00,0.00,0.00,"",0,0.00,"5000","T1"
"RAM001","Ramar Electronics Ltd","Masons Road","","Stratford-upon-Avon","Warwickshire","CV37 9NF","","","","","","",0,"273 6956 18",0.00,0.00,0.00,0.00,"",0,0.00,"5000","T1"
"RAP001","Rapid Electronics Ltd","Severalls Lane","Colchester","Esses","","CO4 5JS","","","","","","",0,"GB 304175784",69.50,69.50,1255.13,0.00,"",0,0.00,"5000","T1"
"RCA001","Rolleicamera","","","","","","John Waller","","","","","",0,"",0.00,0.00,0.00,0.00,"",0,0.00,"5000","T1"
"RDY0091","Robert Dyas","Cleeeve Court","Cleeve Road","Leatherhead","Surrey","KT22 7SD","","","","","","",0,"742720153",0.00,0.00,0.00,0.00,"",0,0.00,"5000","T1"
"RED001","Redcorn Ltd","44 White Hart Lane","","Tottenham","","N17 8DP","","","","","","",0,"",0.00,0.00,0.00,0.00,"",0,0.00,"5000","T1"
"REL001","RELEC ELECTRONICS LTD","124-126 STOCKBRIDGE ROAD","","WINCHESTER","HAMPSHIRE","SO22 6RW","","","","","","",0,"",0.00,0.00,0.00,0.00,"",0,0.00,"5000","T1"
"RET001","Repair Tech","Unit 5, WestfieldRoad","Kineton Industrial Estate","Southam","Warwickshire","CV47 0JH","","","","","","",0,"748 2123 36",0.00,0.00,154.78,0.00,"",0,0.00,"5000","T1"
"RME001","Reeves Model Engineering","Appleby Hill","","Austrey","North Warwickshirew","Cv9 3ER","","","","","","",0,"",0.00,0.00,0.00,0.00,"",0,0.00,"5000","T1"
"RNT001","RegNet - The Registration Network","24303 Walnut Street","Suite 200","Newhall,","Ca 91321-2900","USA","","","","","","",0,"",0.00,0.00,0.00,0.00,"",0,0.00,"5000","T1"
"ROL001","ROLDEC SYSTEM PLC","Roldec House","504 Dudley Road","Wolverhampton","","WV2 3AA","","01902 456464","01902 452592","","","",0,"",0.00,0.00,0.00,0.00,"",0,0.00,"5000","T1"
"ROM","Royal Mail","","","","","","","","","","","",0,"",0.00,0.00,8.00,0.00,"",0,0.00,"5000","T1"
"ROT001","Rotormotion Midland Ltd","3 Mandervell Road","","Oadby","Leicester","LE2 5LQ","","","","","","",0,"748 0266 24",0.00,0.00,0.00,0.00,"",0,0.00,"5000","T1"
"RRL001","Red Rat Ltd","52 South Road","","","Saffron Walden","CB11 3DN","","","","","","",0,"812417458",0.00,0.00,0.00,0.00,"",0,0.00,"5000","T1"
"RSC001","RS COMPONENTS LTD.","P.O. BOX 888","","CORBY","NORTHANTS","NN17 1UB","","","","","","",0,"",0.00,0.00,131.87,0.00,"",0,0.00,"5000","T1"
"RSGB001","RSGB","Lambda House","Cranborne Road","Potters Bar","Hertfordshire","EN6 3JE","","01707 659015","01707 645105","","","",0,"GB 233 3092 9L",0.00,0.00,70.86,0.00,"",0,0.00,"5000","T1"
"RTS001","Runtime Software","","","","","","","","","","","",0,"",0.00,0.00,0.00,0.00,"",0,0.00,"5000","T1"
"S&F001","Sharpe & Fisher","Cheltenham Branch","Gloucester Road","Cheltenham","Glos","GL51 8PT","","01242 521477","01242 584437","","","",0,"",0.00,0.00,0.00,0.00,"",0,0.00,"5000","T1"
"SAB001","SABtools","131 Palm Beach Drive","Patterson Lakes","Victories 3197","Australia","","","","","","","",0,"",0.00,0.00,0.00,0.00,"",0,0.00,"5000","T1"
"SAH001","Sahara Presentation Sysytem plc","William House","Hailey Road","Erith","Kent","DA18 4AA","","020 8319 700","","","","",0,"299489275",0.00,0.00,0.00,0.00,"",0,0.00,"5000","T1"
"SCL001","Southdown Cirsuits Ltd","Unit 1","Ford Airfield Industrial Estate","Yapton","Nr. Littlehampton","BN18 OHY","","","","","","",0,"784 1161 29",0.00,0.00,0.00,0.00,"",0,0.00,"5000","T1"
"SCO001","Scooter Software","2828 Marchsall Court","Suite 112","Madison","W1 53705-2276","USA","","","","","","",0,"",0.00,0.00,0.00,0.00,"",0,0.00,"5000","T1"
"SCS001","Speedie Computer Systgems","104 - 108 Floodgate Street","","Birmingham","","B5 5SR","","","","","","",0,"816 0476 38",0.00,0.00,0.00,0.00,"",0,0.00,"5000","T1"
"SCS002","Sony Central Service","Pencoed Technology Park","Pencoed","Mid Glamorgan","","CF35 5HZ","","","","","","",0,"636 110080",0.00,0.00,0.00,0.00,"",0,0.00,"5000","T1"
"SDL001","Smartdata Ltd","","","","","","","","","","","",0,"",0.00,0.00,0.00,0.00,"",0,0.00,"5000","T1"
"SEF001","Seafrance","","","","","","","","","","","",0,"",0.00,0.00,0.00,0.00,"",0,0.00,"5000","T1"
"SGB001","S.G. BEALE & CO.","16 BELL STREET","","PRINCESS RISBOROUGH","BUCKS","HP27 OAD","","","","","","",0,"",0.00,0.00,0.00,0.00,"",0,0.00,"5000","T1"
"SGE001","Suregrave","","","","","","","","","","","",0,"",0.00,0.00,0.00,0.00,"",0,0.00,"5000","T1"
"SHA001","Sharpe Electronics (U.K.) Ltd","Sharpe House","Thorpe Road","Manchester","","M40 5BE","","","","","","",0,"144 5090 62",0.00,0.00,0.00,0.00,"",0,0.00,"5000","T1"
"SHE001","Sharpe Eletronics (UK) Ltd","Sharp House","Thorp Road","","Manchester","M40 5BE","","","","","","",0,"144 9090 62",0.00,0.00,0.00,0.00,"",0,0.00,"5000","T1"
"SHO001","SHOOTVIEW LIMITED","87 CADBURY ROAD","","SUNBURY-ON-THAMES","MIDDLESEX","TW16 7LS","","","","","","",0,"",0.00,0.00,0.00,0.00,"",0,0.00,"5000","T1"
"SHT001","Shuma Tech","11030","Deep Brook Dr.","","Austin","TX 78726","","","","","","",0,"",0.00,0.00,1790.32,0.00,"",0,0.00,"5000","T1"
"SIC001","Simply Computers","2-3 Forest Works","","Walthamstow","London","E17 6JF","","0870 727 4020","0870 727 4002","","","",0,"GB 549 3179 14",0.00,0.00,0.00,0.00,"",0,0.00,"5000","T1"
"SIT001","Shareit","","","","","","","","","","","",0,"DE123456789",0.00,0.00,0.00,0.00,"",0,0.00,"5000","T1"
"SLL001","Showlite Limited","","","","","","","","","","","",0,"568639974",0.00,0.00,0.00,0.00,"",0,0.00,"5000","T1"
"SOU001","Southern Electric","","","","","","","","","","","",0,"",0.00,0.00,215.97,0.00,"",0,0.00,"5000","T1"
"SPI001","Spire Technology LTd","17 Blackmoor Road","Ebblake Ind Estate","Verwood","Dorset","BH31 6AX","","","","","","",0,"",0.00,0.00,0.00,0.00,"",0,0.00,"5000","T1"
"SRS001","Sauders Roberts Solicitors","58 Bridge Street","Evesham","","Worcestershire","Wr11 4RY","","01386 442558","01386 49448","","","",0,"275 3465 40",0.00,0.00,0.00,0.00,"",0,0.00,"5000","T1"
"SSC001","Savastore.com","","","","","","","","","","","",0,"",0.00,0.00,0.00,0.00,"",0,0.00,"5000","T1"
"SSI001","Software Shelf International","601 Cleveland Street","Suite 710","Clearwater","Florida","","","727 445-1920","727 445-9223","","","",0,"",0.00,0.00,0.00,0.00,"",0,0.00,"5000","T1"
"SSM001","Stockport Sheet Metal","","","","","","","","","","","",0,"",0.00,0.00,328.50,0.00,"",0,0.00,"5000","T1"
"SST001","Spell Software Trade","66 Broad Street","Teddington","Middlesex","","TW11 8QY","","","","","","",0,"745036540",0.00,0.00,0.00,0.00,"",0,0.00,"5000","T1"
"STE001","STAGE ELECTRICS","Dartmouth Road","","Smthwick","Birmingham","B66 1AX","","0121 525 4545","0121 535 2413","","","",0,"",0.00,0.00,0.00,0.00,"",0,0.00,"5000","T1"
"STP001","Swift Television Publications","17, Pittsfield","Cricklade","Swindon","Wilts","SN6 6AN","","44(0)1793 750620","44(0)1793 752399","","","",0,"",0.00,0.00,0.00,0.00,"",0,0.00,"5000","T1"
"STS","Spicy Tronics","","","","","","","","","","","",0,"",0.00,0.00,0.00,0.00,"",0,0.00,"5000","T1"
"SUS001","Suse Linux Ltd","","","","","","","","","","","",0,"",0.00,0.00,0.00,0.00,"",0,0.00,"5000","T1"
"SVT001","SVT S-Tech","P.O. Box 169","","West Molesey","Surrey","KY8 2YT","","","","","","",0,"689 4758 54",0.00,0.00,0.00,0.00,"",0,0.00,"5000","T1"
"SW001","Silver Sheild Windscreens","Unit 2","3A Northbrok Road","Gloucester","","GL4 3DP","","01452 385005","01452 381093","","","",0,"61 5575 22",0.00,0.00,0.00,0.00,"",0,0.00,"5000","T1"
"SWC001","Swiftoncon Ltd","The Old Waterhouse","Icknield Road","Goring-on-Thames","","RG8 ODE","","","","","","",0,"724 4594 25",0.00,0.00,0.00,0.00,"",0,0.00,"5000","T1"
"SWH001","Software Warehouse plc","6 Roman Way","Coleshill Industrial Estate","Colehill","Warwickshire","B46 1HG","","","","","","",0,"",0.00,0.00,0.00,0.00,"",0,0.00,"5000","T1"
"SWR001","SWREG Inc.","9625 West 76th Street","","Eden Prairie","MN 55344","USA","","","","","","",0,"",0.00,0.00,0.00,0.00,"",0,0.00,"5000","T1"
"SYM001","Symantec (Deilrina) Upgrade CT","PO Box 47","","Reading","","RG7 4UW","","01734 814230","01734 814222","","","",0,"GB 614 7673 29",0.00,0.00,0.00,0.00,"",0,0.00,"5000","T1"
"TCE001","T.C. ENGINEERING.","22-28 RYEFIELD CRESENT","","NORTHWOOD HILLS","MIDDLESEX","HA6 1LT","","01923-829916","","","","",0,"",0.00,0.00,0.00,0.00,"",0,0.00,"5000","T1"
"TDS001","TRIANGLE DIGITAL SERVICES","","","","","","","","","","","",0,"",0.00,0.00,0.00,0.00,"",0,0.00,"5000","T1"
"TEL001","Toby Electronics Ltd","Beaumont Road Industrial Estate","","Banbury","Oxfordshire","OX16 1TU","","","","","","",0,"GB387552217",0.00,0.00,0.00,0.00,"",0,0.00,"5000","T1"
"TEO001","The Events Office","","","","","","","","","","","",0,"",0.00,0.00,0.00,0.00,"",0,0.00,"5000","T1"
"THW001","Thames Water","","","","","","","","","","","",0,"",0.00,0.00,114.40,0.00,"",0,0.00,"5000","T1"
"TJC001","Tony Jeffree - Consultants","11a Polpar Groive","","Sale","Cheshire","M33 3AX","","","","","","",0,"6390951 18",0.00,0.00,0.00,0.00,"",0,0.00,"5000","T1"
"TOM001","TomTom International BV","Rembrandtplein 35","1017 CT Amsterdam","","Netherlands","","","","","","","",0,"",0.00,0.00,29.12,0.00,"",0,0.00,"5000","T1"
"TPS001","The Plastic Shop","16 Bayton Road","Bayton Road Industrial Estate","Coventry","West Midlands","CV7 9EJ","","","","","","",0,"",0.00,0.00,0.00,0.00,"",0,0.00,"5000","T1"
"TRD001","Till Rolls Direct","Unit 5. The Stable Yard","Brewer Street Farm","Brewer Street","Bletchgingley, Surrey","RH1 4QP","","","","","","",0,"793720210",0.00,0.00,56.16,0.00,"",0,0.00,"5000","T1"
"TRI001","Trident","Perrywood Business Park","Honeycock Lane","Salfords","Surrey","RH1 5JQ","","","","","","",0,"200 6983 82",0.00,0.00,0.00,0.00,"",0,0.00,"5000","T1"
"TSL001","Terry Scope Ltd","","","","","","","","","","","",0,"",0.00,0.00,0.00,0.00,"",0,0.00,"5000","T1"
"TSV001","Tapping Services","18/19 Broads Lanes","","Bilston","West Midlands","WV14 0RY","","","","","","",0,"478 6617 91",0.00,0.00,0.00,0.00,"",0,0.00,"5000","T1"
"TTG001","The Travel Gateway","","","","","","","","","","","",0,"",0.00,0.00,0.00,0.00,"",0,0.00,"5000","T1"
"UCS001","Universal Computer Systems (UK) Ltd","20-21 Worcester Street","","Wolverhampton","","WV2 4LD687 5535 81","","","","","","",0,"",0.00,0.00,0.00,0.00,"",0,0.00,"5000","T1"
"UDC001","UK Digital Cameras","","","","","","","","","","","",0,"",0.00,0.00,0.00,0.00,"",0,0.00,"5000","T1"
"UKB001","UK_Bug","Borland User Group","7 Devizes Road","Upavon","Wiltshire","SN9 6ED","","","","","","",0,"GB 413 9717 47",0.00,0.00,0.00,0.00,"",0,0.00,"5000","T1"
"ULEA001","ULEAD.com","","","","","","","","","","","",0,"",0.00,0.00,0.00,0.00,"",0,0.00,"5000","T1"
"ULTM001","ULT MARC","11A Sheridan Road","","Wimbledon","London","Sw19 3HW","","","","","","",0,"788 0274 94",0.00,0.00,0.00,0.00,"",0,0.00,"5000","T1"
"UNT001","Universal Telecom","Phoeniox House","Desborough Park Road","High Wycombe","Bucks","HP12 3BQ","","01494 833833","01494 833834","","","",0,"697 6056 81",0.00,0.00,0.00,0.00,"",0,0.00,"5000","T1"
"UPS001","","","","","","","","","","","","",0,"",0.00,0.00,11.00,0.00,"",0,0.00,"5000","T1"
"UPS002","UPS","","","","","","","","","","","",0,"",0.00,0.00,0.00,0.00,"",0,0.00,"5000","T1"
"VAL001","Value Telecom Ltd","North Acton Buisness Park","Wales Farm Road","London","","W3 6RS","","0800 0925005","","","","",0,"GB 744 0302 68",0.00,0.00,0.00,0.00,"",0,0.00,"5000","T1"
"VEC001","Vectric Ltd","26 Peterbrook Close","","Redditch","Worcestershire","B98 7YF","","","","","","",0,"866 3540 05",0.00,0.00,625.42,0.00,"",0,0.00,"5000","T1"
"VIK001","VIKING DIRECT","P.O. BOX 279","","LEICESTER","","LE4 1FZ","","","","","","",0,"",0.00,0.00,569.35,0.00,"",0,0.00,"5000","T1"
"VOD001","Vodafone","Pembroke House","Banbury Business Park","Aynho Road","Adderbury","OX17 3NS","","","uk","","","",0,"569953277",0.00,0.00,583.61,0.00,"",0,0.00,"5000","T1"
"WAR001","Warwick University","","","","","","","01203-522661","","","","",0,"",0.00,0.00,0.00,0.00,"",0,0.00,"5000","T1"
"WES001","Watford Electronics","Jessa House","Finway","Luton","LU1 1We","","","","","","","",0,"198 3523 28",0.00,0.00,0.00,0.00,"",0,0.00,"5000","T1"
"WHS001","Whitesmoke tm","501 Silverside Road","Suite 105","Wilmington","USA","DE 19809","","","","","","",0,"",0.00,0.00,0.00,0.00,"",0,0.00,"5000","T1"
"WMT","Warren Machine Tools","Warco House","Fisher Lane","Chiddingfold","Surrey","GU8 4TD","","","","","","",0,"296003070",0.00,0.00,0.00,0.00,"",0,0.00,"5000","T1"
"WNT001","WNT (UK) Lts","Sheffield Airport Business Park","","","Sheffield","S9 1XJ","","","","","","",0,"737 502 730",0.00,0.00,0.00,0.00,"",0,0.00,"5000","T1"
"WSB001","Water Service Bill","","","","","","","","","","","",0,"",0.00,0.00,0.00,0.00,"",0,0.00,"5000","T1"
"XCA001","XCASE","","","","","","","","","","","",0,"",0.00,0.00,0.00,0.00,"",0,0.00,"5000","T1"
"YAD001","YADRO","","","","Munchen","","","","","","","",0,"",0.00,0.00,0.00,0.00,"",0,0.00,"5000","T1"
"ZIF001","Ziff-Davis","Subscription Accounts Departme","Tower House","Soverign Park","Harket Harbour","Leicestershire","","","","","","",0,"",0.00,0.00,0.00,0.00,"",0,0.00,"5000","T1"
"ZTL001","Zorin Technologies Ltd","T/A ITX Warehouse","Unit 3Basepoint Business Centre","Christchurch","Dorset","BH23 6NW","","","","","","",0,"04353036",0.00,0.00,0.00,0.00,"",0,0.00,"5000","T1"
